
{
  "database": {
    "rules": "database.rules.json"
  },
  "hosting": {
    "public": "dist",
    "ignore": [
      "firebase.json",
      "**/.*",
      "**/node_modules/**"
    ],
    "rewrites": [
      { "source": "**", "destination": "/index.html" }
    ],
    "headers": [
      {
        "source": "**",
        "headers": [
          {
            "key": "Cache-Control",
            "value": "no-store"
          }
        ]
      },
      {
        "source": "/tools/status.json",
        "headers": [
          {
            "key": "Cache-Control",
            "value": "no-store"
          }
        ]
      }
    ]
  }
}
