{
  "rules": {
    "stats": {
      ".read": true,
      ".write": true
    },
    "users": {
      ".read": "auth != null && (auth.uid === $uid || root.child('users').child(auth.uid).child('role').val() === 'admin' || root.child('users').child(auth.uid).child('role').val() === 'superadmin')",
      ".write": "auth != null && (auth.uid === $uid || root.child('users').child(auth.uid).child('role').val() === 'superadmin')"
    },
    "promoCodes": {
      ".read": true,
      ".write": "root.child('users').child(auth.uid).child('role').val() === 'superadmin'"
    }
  }
}